Term1,Term2,Term3,llama3.1-8b-eleuther_gp,llama-scope,gemma-scope,gpt2sm-apollojt,gpt2sm-rfs-jb,gpt2sm-kk,llama3-8b-it-res-jh
son,daughter,,2,0,0,0,0,2,0
daughter,female,,1,0,0,0,0,0,0
gospel,torah,,1,0,0,1,3,3,2
gospel,quran,,1,0,0,0,1,0,0
gospel,jesus,,2,0,0,0,2,2,5
gospel,baptsim,,2,0,0,1,1,6,8
torah,quran,,3,0,0,2,3,0,0
torah,synagogue,,2,0,0,0,0,1,4
torah,kosher,,5,0,0,2,2,2,3
torah,judaism,,4,0,0,0,0,1,5
torah,talmud,,10,0,0,0,9,0,0
torah,shabbat,,3,0,0,1,3,2,4
torah,bible,,1,0,0,0,4,8,0
quran,islam,,3,0,0,0,0,0,0
quran,halal,,2,0,0,0,2,0,0
quran,allah,,1,0,0,6,8,0,0
quran,burka,,1,0,0,0,0,0,0
quran,bible,,1,0,0,0,2,0,0
jesus,baptsim,,1,0,0,0,0,1,0
jesus,christianity,,2,0,0,1,0,3,0
jesus,bible,,2,0,0,0,0,1,0
baptsim,christian,,2,0,0,1,1,0,0
baptsim,sacrament,,1,0,0,1,2,1,0
girl,Mädchen,,7,4,1,15,8,4,6
girl,boy,,3,0,0,0,0,2,1
girl,female,,1,0,0,0,2,3,0
girl,woman,,1,0,1,0,0,2,5
girl,lady,,1,0,0,1,0,3,7
Mädchen,boy,,1,0,0,1,0,0,0
Mädchen,female,,4,0,0,2,8,15,0
Mädchen,lady,,1,0,0,1,0,9,0
Mädchen,she,,1,0,0,0,1,1,2
boy,male,,2,0,0,0,0,4,8
boy,man,,2,0,0,0,0,5,5
boy,boss,,1,0,0,0,0,2,0
female,woman,,3,0,0,4,0,11,0
female,lady,,3,0,0,0,0,0,0
female,she,,2,0,0,1,0,2,0
woman,lady,,2,0,0,0,9,0,9
lady,gentleman,,2,0,0,3,2,0,1
lady,she,,1,0,0,0,1,0,3
lady,queen,,1,0,0,0,0,0,0
synagogue,mosque,,8,0,2,4,2,2,5
synagogue,mecca,,2,0,0,1,1,0,1
synagogue,temple,,4,0,0,1,1,2,4
synagogue,church,,4,0,0,4,2,1,0
synagogue,kosher,,5,0,0,0,4,3,5
synagogue,kippah,,3,0,0,0,2,4,8
synagogue,judaism,,4,0,0,0,5,4,10
synagogue,talmud,,2,0,0,0,0,0,0
synagogue,shabbat,,3,0,0,1,5,6,0
synagogue,juif,,3,0,0,0,3,5,7
mosque,mecca,,2,0,0,9,0,2,3
mosque,temple,,7,0,0,1,2,0,8
mosque,church,,4,0,0,0,0,0,0
mecca,temple,,2,0,0,0,2,0,0
mecca,muslim,,1,0,0,1,0,1,0
temple,church,,1,0,0,0,0,4,0
church,christian,,1,0,0,0,0,0,0
church,christianity,,1,0,0,0,0,0,0
kosher,kippah,,7,0,0,0,7,8,9
kosher,judaism,,8,0,0,0,0,5,9
kosher,talmud,,4,0,0,0,0,0,0
kosher,shabbat,,9,0,0,0,7,6,0
kosher,juif,,7,1,0,0,7,8,10
kosher,halal,,2,2,3,0,4,7,0
kippah,judaism,,6,0,0,0,0,5,13
kippah,shabbat,,6,0,0,0,2,5,0
kippah,juif,,7,0,0,0,5,11,14
kippah,halal,,2,0,0,0,0,3,0
kippah,burka,,1,0,0,0,3,2,3
kippah,hijab,,2,0,0,0,6,2,0
kippah,jew,,1,0,0,0,4,3,9
judaism,talmud,,3,0,0,2,0,0,0
judaism,shabbat,,7,0,0,2,2,0,0
judaism,juif,,5,0,0,0,11,0,0
talmud,shabbat,,3,0,0,3,4,4,0
shabbat,juif,,6,0,0,0,0,0,9
shabbat,halal,,1,0,0,0,1,1,0
shabbat,jew,,1,0,0,0,0,0,5
juif,halal,,1,0,0,0,2,3,0
juif,jew,,8,0,2,7,10,11,9
juif,Jude,,2,0,0,0,0,0,0
firefighter,professor,,1,0,0,0,0,0,0
men,male,,3,0,0,4,8,14,0
men,man,,3,0,0,0,6,10,0
male,man,,2,0,0,0,0,0,9
man,boss,,1,0,0,0,0,0,0
man,Mann,,1,0,0,3,9,0,0
homemaker,Oma,,1,0,0,0,0,0,0
islam,halal,,3,0,0,1,6,4,0
islam,allah,,3,0,0,4,4,0,0
islam,muslim,,2,0,0,4,2,7,9
muslim,fundamentalist,,1,0,0,0,0,0,0
muslim,burka,,1,0,0,0,0,0,2
muslim,hijab,,1,0,0,0,0,0,0
grandpa,grandma,,12,7,0,12,0,11,0
grandpa,boss,,1,0,0,0,0,0,0
burka,hijab,,4,9,7,0,7,0,0
christian,christianity,,10,0,4,9,0,13,0
queen,king,,4,0,0,1,5,5,5
nurse,doctor,,2,0,0,1,2,0,11
Mann,Frau,,6,0,0,0,1,7,4
Mann,Junge,,5,0,0,0,1,0,4
Frau,Junge,,7,3,0,10,8,0,9
husband,wife,,12,0,0,8,8,10,0
gospel,torah,quran,1,0,0,0,1,0,0
gospel,jesus,baptsim,1,0,0,0,0,1,0
torah,quran,bible,1,0,0,0,1,0,0
torah,synagogue,kosher,1,0,0,0,0,1,3
torah,synagogue,judaism,2,0,0,0,0,0,4
torah,synagogue,talmud,2,0,0,0,0,0,0
torah,synagogue,shabbat,1,0,0,0,0,1,0
torah,kosher,judaism,2,0,0,0,0,1,3
torah,kosher,talmud,4,0,0,0,0,0,0
torah,kosher,shabbat,2,0,0,0,2,2,0
torah,judaism,talmud,3,0,0,0,0,0,0
torah,judaism,shabbat,2,0,0,0,0,0,0
torah,talmud,shabbat,3,0,0,0,2,0,0
quran,islam,halal,1,0,0,0,0,0,0
quran,islam,allah,1,0,0,0,0,0,0
girl,female,woman,1,0,0,0,0,1,0
girl,female,lady,1,0,0,0,0,0,0
girl,woman,lady,1,0,0,0,0,0,4
Mädchen,female,lady,1,0,0,0,0,0,0
Mädchen,female,she,1,0,0,0,0,1,0
Mädchen,lady,she,1,0,0,0,0,0,0
boy,male,man,1,0,0,0,0,0,5
boy,man,boss,1,0,0,0,0,0,0
female,woman,lady,2,0,0,0,0,0,0
female,lady,she,1,0,0,0,0,0,0
synagogue,mosque,mecca,2,0,0,1,0,0,1
synagogue,mosque,temple,4,0,0,1,0,0,4
synagogue,mosque,church,1,0,0,0,0,0,0
synagogue,mecca,temple,1,0,0,0,0,0,0
synagogue,temple,church,1,0,0,0,0,1,0
synagogue,kosher,kippah,3,0,0,0,2,3,5
synagogue,kosher,judaism,3,0,0,0,0,1,5
synagogue,kosher,talmud,1,0,0,0,0,0,0
synagogue,kosher,shabbat,3,0,0,0,3,3,0
synagogue,kosher,juif,3,0,0,0,1,3,5
synagogue,kippah,judaism,2,0,0,0,0,2,8
synagogue,kippah,shabbat,2,0,0,0,1,3,0
synagogue,kippah,juif,2,0,0,0,1,4,7
synagogue,judaism,talmud,2,0,0,0,0,0,0
synagogue,judaism,shabbat,2,0,0,0,2,0,0
synagogue,judaism,juif,1,0,0,0,2,0,0
synagogue,talmud,shabbat,1,0,0,0,0,0,0
synagogue,shabbat,juif,2,0,0,0,0,0,0
mosque,mecca,temple,1,0,0,0,0,0,0
mosque,temple,church,1,0,0,0,0,0,0
church,christian,christianity,1,0,0,0,0,0,0
kosher,kippah,judaism,4,0,0,0,0,3,8
kosher,kippah,shabbat,5,0,0,0,2,5,0
kosher,kippah,juif,5,0,0,0,5,8,9
kosher,kippah,halal,2,0,0,0,0,3,0
kosher,judaism,talmud,1,0,0,0,0,0,0
kosher,judaism,shabbat,5,0,0,0,0,0,0
kosher,judaism,juif,3,0,0,0,0,0,0
kosher,talmud,shabbat,2,0,0,0,0,0,0
kosher,shabbat,juif,5,0,0,0,0,0,0
kosher,shabbat,halal,1,0,0,0,1,1,0
kosher,juif,halal,1,0,0,0,2,3,0
kippah,judaism,shabbat,3,0,0,0,0,0,0
kippah,judaism,juif,5,0,0,0,0,0,0
kippah,shabbat,juif,5,0,0,0,0,0,0
kippah,shabbat,halal,1,0,0,0,0,1,0
kippah,shabbat,jew,1,0,0,0,0,0,0
kippah,juif,halal,1,0,0,0,0,3,0
kippah,burka,hijab,1,0,0,0,3,0,0
judaism,talmud,shabbat,2,0,0,0,0,0,0
judaism,shabbat,juif,3,0,0,0,0,0,0
shabbat,juif,halal,1,0,0,0,0,0,0
men,male,man,1,0,0,0,0,0,0
muslim,burka,hijab,1,0,0,0,0,0,0
Mann,Frau,Junge,4,0,0,0,1,0,4
receptionist,Frau,,0,1,0,0,0,0,0
talmud,torah,,0,8,16,11,0,10,0
juif,judaism,,0,1,0,3,0,10,12
naive,christianity,,0,1,0,0,0,0,0
christianity,christian,,0,2,0,0,13,0,0
burka,sacrament,,0,1,0,0,0,0,0
burka,Opa,,0,1,0,0,0,0,0
burka,kippah,,0,3,1,2,0,0,0
hijab,sacrament,,0,1,0,0,0,0,0
hijab,Opa,,0,1,0,0,0,0,0
hijab,kippah,,0,1,0,6,0,0,0
Opa,boss,,0,1,0,0,0,0,0
kippah,programmer,,0,1,0,0,0,0,0
mosque,quran,,0,1,0,0,0,0,0
woman,Jude,,0,1,0,0,0,0,0
burka,hijab,sacrament,0,1,0,0,0,0,0
burka,hijab,Opa,0,1,0,0,0,0,0
burka,hijab,kippah,0,1,0,0,0,0,0
mosque,jesus,,0,0,1,0,0,0,0
homemaker,islam,,0,0,1,0,0,0,0
halal,engineer,,0,0,1,0,0,0,0
grandpa,allah,,0,0,1,0,0,0,0
church,Mann,,0,0,1,0,0,0,0
doctor,shabbat,,0,0,1,0,0,0,0
pope,quran,,0,0,1,0,0,0,0
lady,Frau,,0,0,1,0,0,0,1
she,assistant,,0,0,1,0,0,0,0
son,pope,,0,0,0,1,0,0,0
pope,terrorist,,0,0,0,1,0,0,0
gospel,juif,,0,0,0,1,0,0,0
gospel,judaism,,0,0,0,1,0,0,0
gospel,bible,,0,0,0,1,1,2,4
gospel,talmud,,0,0,0,1,1,2,0
juif,talmud,,0,0,0,1,0,0,0
juif,torah,,0,0,0,1,0,0,0
juif,shabbat,,0,0,0,1,2,5,0
juif,kosher,,0,0,0,3,0,0,0
judaism,torah,,0,0,0,2,0,0,0
judaism,synagogue,,0,0,0,1,0,0,0
judaism,fundamentalist,,0,0,0,1,0,0,0
judaism,kosher,,0,0,0,1,6,0,0
judaism,jew,,0,0,0,2,9,0,10
bible,baptsim,,0,0,0,2,0,0,0
bible,talmud,,0,0,0,1,0,0,0
bible,torah,,0,0,0,3,0,0,9
bible,jesus,,0,0,0,1,0,0,5
bible,gentleman,,0,0,0,1,0,0,0
bible,halal,,0,0,0,1,0,0,0
bible,christian,,0,0,0,1,0,0,0
baptsim,mosque,,0,0,0,1,0,0,0
talmud,synagogue,,0,0,0,2,4,5,0
talmud,quran,,0,0,0,1,0,0,0
talmud,kosher,,0,0,0,3,2,2,0
talmud,jew,,0,0,0,1,0,3,0
torah,islam,,0,0,0,1,0,1,2
torah,jew,,0,0,0,1,0,0,3
girl,man,,0,0,0,1,0,0,0
Mädchen,man,,0,0,0,1,0,0,0
Mädchen,woman,,0,0,0,2,0,8,0
man,jesus,,0,0,0,1,0,0,0
man,men,,0,0,0,4,0,0,0
lady,female,,0,0,0,2,4,11,0
lady,woman,,0,0,0,5,0,15,0
receptionist,assistant,,0,0,0,2,1,1,0
receptionist,jesus,,0,0,0,1,0,0,0
assistant,wife,,0,0,0,1,0,0,0
jesus,men,,0,0,0,1,0,0,0
jesus,Mann,,0,0,0,1,0,0,0
church,mosque,,0,0,0,1,3,4,8
mosque,islam,,0,0,0,1,0,0,0
mosque,muslim,,0,0,0,2,2,3,2
mosque,halal,,0,0,0,1,1,2,0
mecca,allah,,0,0,0,1,2,0,0
shabbat,kosher,,0,0,0,6,0,0,10
men,Mann,,0,0,0,1,4,9,0
Mann,doctor,,0,0,0,1,0,0,0
homemaker,grandpa,,0,0,0,1,0,0,0
homemaker,grandma,,0,0,0,1,0,0,0
grandpa,daughter,,0,0,0,1,0,0,0
grandma,daughter,,0,0,0,1,1,0,8
islam,hijab,,0,0,0,1,1,1,0
islam,quran,,0,0,0,5,5,0,0
hijab,muslim,,0,0,0,1,0,0,0
hijab,allah,,0,0,0,1,1,0,0
hijab,burka,,0,0,0,3,0,10,0
muslim,halal,,0,0,0,1,1,2,0
halal,kosher,,0,0,0,4,0,0,0
halal,Opa,,0,0,0,1,0,0,0
daughter,wife,,0,0,0,1,0,0,2
christian,Frau,,0,0,0,1,0,0,0
christianity,Frau,,0,0,0,1,0,0,0
king,doctor,,0,0,0,1,0,0,0
gospel,juif,judaism,0,0,0,1,0,0,0
gospel,talmud,torah,0,0,0,1,0,2,0
juif,judaism,talmud,0,0,0,1,0,0,0
juif,judaism,torah,0,0,0,1,0,0,0
juif,judaism,jew,0,0,0,2,0,0,8
juif,talmud,torah,0,0,0,1,0,0,0
juif,talmud,jew,0,0,0,1,0,0,0
juif,torah,jew,0,0,0,1,0,0,0
juif,shabbat,kosher,0,0,0,1,0,0,0
judaism,talmud,torah,0,0,0,1,0,0,0
judaism,talmud,jew,0,0,0,1,0,0,0
judaism,torah,jew,0,0,0,1,0,0,0
judaism,shabbat,kosher,0,0,0,1,0,0,0
bible,talmud,torah,0,0,0,1,0,0,0
talmud,torah,shabbat,0,0,0,1,0,2,0
talmud,torah,quran,0,0,0,1,0,0,0
talmud,torah,kosher,0,0,0,2,0,2,0
talmud,torah,jew,0,0,0,1,0,0,0
talmud,synagogue,shabbat,0,0,0,1,2,3,0
torah,islam,quran,0,0,0,1,0,0,0
girl,Mädchen,man,0,0,0,1,0,0,0
Mädchen,lady,female,0,0,0,1,0,8,0
Mädchen,lady,woman,0,0,0,1,0,8,0
Mädchen,female,woman,0,0,0,2,0,8,0
man,jesus,men,0,0,0,1,0,0,0
man,jesus,Mann,0,0,0,1,0,0,0
man,men,Mann,0,0,0,1,0,0,0
lady,female,woman,0,0,0,2,0,11,0
jesus,men,Mann,0,0,0,1,0,0,0
synagogue,church,mosque,0,0,0,1,1,1,0
mosque,mecca,muslim,0,0,0,1,0,1,0
mosque,islam,muslim,0,0,0,1,0,0,0
mosque,islam,halal,0,0,0,1,0,0,0
mosque,muslim,halal,0,0,0,1,1,1,0
homemaker,grandpa,grandma,0,0,0,1,0,0,0
grandpa,grandma,daughter,0,0,0,1,0,0,0
islam,hijab,muslim,0,0,0,1,0,0,0
islam,muslim,halal,0,0,0,1,1,2,0
islam,quran,allah,0,0,0,2,3,0,0
hijab,burka,kippah,0,0,0,2,0,0,0
christian,christianity,Frau,0,0,0,1,0,0,0
son,woman,,0,0,0,0,1,0,0
son,lady,,0,0,0,0,1,0,0
woman,girl,,0,0,0,0,2,0,0
woman,female,,0,0,0,0,3,0,0
woman,daughter,,0,0,0,0,2,0,2
woman,she,,0,0,0,0,1,0,2
woman,wife,,0,0,0,0,1,0,1
lady,girl,,0,0,0,0,4,0,0
lady,Mädchen,,0,0,0,0,1,0,5
lady,grandma,,0,0,0,0,1,0,1
lady,daughter,,0,0,0,0,2,0,2
lady,wife,,0,0,0,0,1,0,1
gospel,christianity,,0,0,0,0,1,3,0
gospel,islam,,0,0,0,0,1,1,3
christianity,baptsim,,0,0,0,0,1,0,0
christianity,synagogue,,0,0,0,0,1,0,0
christianity,judaism,,0,0,0,0,1,0,0
christianity,kosher,,0,0,0,0,1,0,0
christianity,shabbat,,0,0,0,0,1,0,0
baptsim,torah,,0,0,0,0,1,2,3
baptsim,bible,,0,0,0,0,4,4,7
islam,torah,,0,0,0,0,3,0,0
islam,talmud,,0,0,0,0,1,0,0
islam,mosque,,0,0,0,0,2,3,5
islam,christian,,0,0,0,0,1,0,0
torah,mosque,,0,0,0,0,1,1,1
torah,kippah,,0,0,0,0,1,2,4
torah,juif,,0,0,0,0,1,2,3
torah,christian,,0,0,0,0,1,0,0
torah,muslim,,0,0,0,0,1,0,1
torah,halal,,0,0,0,0,2,0,0
jesus,christian,,0,0,0,0,2,1,0
quran,talmud,,0,0,0,0,2,0,0
quran,mecca,,0,0,0,0,2,0,0
quran,mosque,,0,0,0,0,4,0,0
quran,hijab,,0,0,0,0,1,0,0
quran,muslim,,0,0,0,0,1,0,0
talmud,bible,,0,0,0,0,3,2,0
talmud,judaism,,0,0,0,0,1,6,0
talmud,mosque,,0,0,0,0,1,0,0
talmud,kippah,,0,0,0,0,1,3,0
talmud,juif,,0,0,0,0,2,4,0
talmud,muslim,,0,0,0,0,1,0,0
talmud,halal,,0,0,0,0,2,0,0
girl,grandma,,0,0,0,0,1,0,1
girl,daughter,,0,0,0,0,1,0,1
Mädchen,daughter,,0,0,0,0,1,0,3
Mädchen,Frau,,0,0,0,0,7,6,12
female,daughter,,0,0,0,0,2,0,0
female,Frau,,0,0,0,0,7,7,0
grandma,grandpa,,0,0,0,0,12,0,9
grandma,Opa,,0,0,0,0,1,0,0
daughter,grandpa,,0,0,0,0,1,1,6
synagogue,jew,,0,0,0,0,2,3,6
synagogue,christian,,0,0,0,0,1,0,0
judaism,kippah,,0,0,0,0,4,0,0
judaism,christian,,0,0,0,0,1,0,0
mecca,mosque,,0,0,0,0,6,0,0
church,temple,,0,0,0,0,1,0,4
mosque,allah,,0,0,0,0,3,0,0
mosque,engineer,,0,0,0,0,1,0,0
kosher,jew,,0,0,0,0,4,3,4
kosher,christian,,0,0,0,0,1,0,0
shabbat,christian,,0,0,0,0,1,0,0
temple,sacrament,,0,0,0,0,1,0,0
temple,engineer,,0,0,0,0,1,0,0
firefighter,burka,,0,0,0,0,1,0,0
firefighter,hijab,,0,0,0,0,1,0,0
man,male,,0,0,0,0,1,7,0
man,boy,,0,0,0,0,1,0,0
homemaker,nurse,,0,0,0,0,1,1,0
she,Oma,,0,0,0,0,1,0,0
halal,allah,,0,0,0,0,1,0,0
grandpa,Opa,,0,0,0,0,1,0,0
money,programmer,,0,0,0,0,1,0,0
terrorist,boss,,0,0,0,0,1,0,0
boss,boy,,0,0,0,0,2,0,0
boss,Oma,,0,0,0,0,2,0,0
son,woman,lady,0,0,0,0,1,0,0
woman,lady,girl,0,0,0,0,2,0,0
woman,lady,female,0,0,0,0,2,0,0
woman,lady,daughter,0,0,0,0,2,0,2
woman,lady,she,0,0,0,0,1,0,2
woman,lady,wife,0,0,0,0,1,0,1
woman,girl,female,0,0,0,0,1,0,0
woman,girl,daughter,0,0,0,0,1,0,0
woman,female,daughter,0,0,0,0,2,0,0
lady,girl,Mädchen,0,0,0,0,1,0,0
lady,girl,female,0,0,0,0,2,0,0
lady,girl,grandma,0,0,0,0,1,0,0
lady,girl,daughter,0,0,0,0,1,0,0
lady,Mädchen,female,0,0,0,0,1,0,0
lady,female,daughter,0,0,0,0,2,0,0
gospel,islam,torah,0,0,0,0,1,0,0
gospel,torah,talmud,0,0,0,0,1,0,0
gospel,torah,bible,0,0,0,0,1,1,0
gospel,talmud,bible,0,0,0,0,1,1,0
christianity,baptsim,christian,0,0,0,0,1,0,0
christianity,synagogue,judaism,0,0,0,0,1,0,0
christianity,synagogue,kosher,0,0,0,0,1,0,0
christianity,synagogue,shabbat,0,0,0,0,1,0,0
christianity,synagogue,christian,0,0,0,0,1,0,0
christianity,judaism,kosher,0,0,0,0,1,0,0
christianity,judaism,shabbat,0,0,0,0,1,0,0
christianity,judaism,christian,0,0,0,0,1,0,0
christianity,kosher,shabbat,0,0,0,0,1,0,0
christianity,kosher,christian,0,0,0,0,1,0,0
christianity,shabbat,christian,0,0,0,0,1,0,0
baptsim,torah,bible,0,0,0,0,1,1,0
islam,torah,quran,0,0,0,0,1,0,0
islam,torah,talmud,0,0,0,0,1,0,0
islam,torah,mosque,0,0,0,0,1,0,0
islam,torah,christian,0,0,0,0,1,0,0
islam,torah,muslim,0,0,0,0,1,0,0
islam,torah,halal,0,0,0,0,1,0,0
islam,quran,talmud,0,0,0,0,1,0,0
islam,quran,mosque,0,0,0,0,2,0,0
islam,quran,hijab,0,0,0,0,1,0,0
islam,quran,muslim,0,0,0,0,1,0,0
islam,quran,halal,0,0,0,0,2,0,0
islam,talmud,mosque,0,0,0,0,1,0,0
islam,talmud,muslim,0,0,0,0,1,0,0
islam,talmud,halal,0,0,0,0,1,0,0
islam,mosque,muslim,0,0,0,0,1,2,2
islam,mosque,halal,0,0,0,0,1,2,0
islam,mosque,allah,0,0,0,0,1,0,0
islam,hijab,allah,0,0,0,0,1,0,0
islam,halal,allah,0,0,0,0,1,0,0
torah,quran,talmud,0,0,0,0,2,0,0
torah,quran,mosque,0,0,0,0,1,0,0
torah,quran,muslim,0,0,0,0,1,0,0
torah,quran,halal,0,0,0,0,1,0,0
torah,talmud,bible,0,0,0,0,3,0,0
torah,talmud,mosque,0,0,0,0,1,0,0
torah,talmud,kosher,0,0,0,0,2,0,0
torah,talmud,kippah,0,0,0,0,1,0,0
torah,talmud,juif,0,0,0,0,1,0,0
torah,talmud,muslim,0,0,0,0,1,0,0
torah,talmud,halal,0,0,0,0,2,0,0
torah,mosque,muslim,0,0,0,0,1,0,1
torah,mosque,halal,0,0,0,0,1,0,0
torah,kosher,kippah,0,0,0,0,1,2,3
torah,kosher,juif,0,0,0,0,1,2,3
torah,kosher,halal,0,0,0,0,1,0,0
torah,kippah,shabbat,0,0,0,0,1,2,0
torah,juif,shabbat,0,0,0,0,1,2,0
torah,juif,halal,0,0,0,0,1,0,0
torah,shabbat,halal,0,0,0,0,1,0,0
torah,muslim,halal,0,0,0,0,1,0,0
quran,talmud,bible,0,0,0,0,1,0,0
quran,talmud,mosque,0,0,0,0,1,0,0
quran,talmud,muslim,0,0,0,0,1,0,0
quran,talmud,halal,0,0,0,0,1,0,0
quran,mecca,mosque,0,0,0,0,2,0,0
quran,mecca,allah,0,0,0,0,2,0,0
quran,mosque,muslim,0,0,0,0,1,0,0
quran,mosque,halal,0,0,0,0,1,0,0
quran,mosque,allah,0,0,0,0,3,0,0
quran,hijab,allah,0,0,0,0,1,0,0
quran,muslim,halal,0,0,0,0,1,0,0
talmud,synagogue,juif,0,0,0,0,1,2,0
talmud,mosque,muslim,0,0,0,0,1,0,0
talmud,mosque,halal,0,0,0,0,1,0,0
talmud,kosher,kippah,0,0,0,0,1,2,0
talmud,kosher,juif,0,0,0,0,1,2,0
talmud,kosher,shabbat,0,0,0,0,2,2,0
talmud,kosher,halal,0,0,0,0,1,0,0
talmud,kippah,shabbat,0,0,0,0,1,2,0
talmud,juif,shabbat,0,0,0,0,2,2,0
talmud,juif,halal,0,0,0,0,1,0,0
talmud,shabbat,halal,0,0,0,0,1,0,0
talmud,muslim,halal,0,0,0,0,1,0,0
girl,Mädchen,female,0,0,0,0,1,1,0
girl,female,daughter,0,0,0,0,1,0,0
Mädchen,female,Frau,0,0,0,0,7,6,0
grandma,daughter,grandpa,0,0,0,0,1,0,5
grandma,grandpa,Opa,0,0,0,0,1,0,0
synagogue,judaism,kosher,0,0,0,0,3,0,0
synagogue,judaism,kippah,0,0,0,0,1,0,0
synagogue,judaism,jew,0,0,0,0,2,0,6
synagogue,judaism,christian,0,0,0,0,1,0,0
synagogue,church,temple,0,0,0,0,1,0,0
synagogue,kosher,jew,0,0,0,0,1,0,3
synagogue,kosher,christian,0,0,0,0,1,0,0
synagogue,kippah,jew,0,0,0,0,1,1,6
synagogue,juif,jew,0,0,0,0,2,2,5
synagogue,juif,shabbat,0,0,0,0,1,3,0
synagogue,shabbat,christian,0,0,0,0,1,0,0
judaism,kosher,kippah,0,0,0,0,4,0,0
judaism,kosher,juif,0,0,0,0,4,0,0
judaism,kosher,jew,0,0,0,0,3,0,0
judaism,kosher,shabbat,0,0,0,0,2,0,0
judaism,kosher,christian,0,0,0,0,1,0,0
judaism,kippah,juif,0,0,0,0,4,0,0
judaism,kippah,jew,0,0,0,0,3,0,0
judaism,juif,jew,0,0,0,0,9,0,0
judaism,shabbat,christian,0,0,0,0,1,0,0
mecca,mosque,temple,0,0,0,0,1,0,0
mecca,mosque,allah,0,0,0,0,2,0,0
mosque,temple,engineer,0,0,0,0,1,0,0
kosher,kippah,jew,0,0,0,0,4,1,4
kosher,juif,jew,0,0,0,0,4,1,4
kosher,juif,shabbat,0,0,0,0,1,5,0
kosher,shabbat,christian,0,0,0,0,1,0,0
kippah,juif,jew,0,0,0,0,4,3,8
juif,shabbat,halal,0,0,0,0,1,1,0
firefighter,burka,hijab,0,0,0,0,1,0,0
men,man,Mann,0,0,0,0,4,0,0
son,cocaine,,0,0,0,0,0,1,0
son,girl,,0,0,0,0,0,1,0
son,boy,,0,0,0,0,0,1,0
son,Junge,,0,0,0,0,0,1,0
daughter,grandma,,0,0,0,0,0,1,0
girl,Junge,,0,0,0,0,0,1,0
girl,she,,0,0,0,0,0,4,2
boy,Junge,,0,0,0,0,0,2,1
boy,Mädchen,,0,0,0,0,0,1,0
boy,men,,0,0,0,0,0,2,0
boy,gentleman,,0,0,0,0,0,4,3
boy,Mann,,0,0,0,0,0,2,3
boy,king,,0,0,0,0,0,1,0
Junge,sacrament,,0,0,0,0,0,1,0
Junge,allah,,0,0,0,0,0,1,0
Junge,Mann,,0,0,0,0,0,6,0
Junge,Frau,,0,0,0,0,0,10,0
gospel,christian,,0,0,0,0,0,3,3
gospel,sacrament,,0,0,0,0,0,1,0
gospel,allah,,0,0,0,0,0,1,0
jesus,temple,,0,0,0,0,0,1,0
jesus,pope,,0,0,0,0,0,1,0
christian,baptsim,,0,0,0,0,0,6,4
christian,bible,,0,0,0,0,0,1,2
christian,islam,,0,0,0,0,0,1,0
christian,church,,0,0,0,0,0,1,2
christian,mosque,,0,0,0,0,0,1,0
christian,muslim,,0,0,0,0,0,1,0
baptsim,christianity,,0,0,0,0,0,6,0
christianity,bible,,0,0,0,0,0,2,0
christianity,islam,,0,0,0,0,0,1,0
christianity,temple,,0,0,0,0,0,1,0
christianity,muslim,,0,0,0,0,0,1,0
sacrament,allah,,0,0,0,0,0,3,0
sacrament,synagogue,,0,0,0,0,0,1,0
sacrament,temple,,0,0,0,0,0,1,0
sacrament,church,,0,0,0,0,0,1,0
sacrament,mosque,,0,0,0,0,0,1,0
allah,islam,,0,0,0,0,0,5,0
allah,mosque,,0,0,0,0,0,3,0
allah,mecca,,0,0,0,0,0,2,0
allah,muslim,,0,0,0,0,0,5,0
allah,halal,,0,0,0,0,0,3,0
talmud,islam,,0,0,0,0,0,1,0
talmud,temple,,0,0,0,0,0,1,0
torah,temple,,0,0,0,0,0,1,0
bible,islam,,0,0,0,0,0,1,0
bible,kosher,,0,0,0,0,0,1,0
bible,mosque,,0,0,0,0,0,1,0
lady,assistant,,0,0,0,0,0,1,0
female,assistant,,0,0,0,0,0,1,0
woman,assistant,,0,0,0,0,0,1,0
assistant,professor,,0,0,0,0,0,3,2
assistant,homemaker,,0,0,0,0,0,1,0
assistant,nurse,,0,0,0,0,0,1,1
synagogue,professor,,0,0,0,0,0,1,0
shabbat,judaism,,0,0,0,0,0,3,11
jew,judaism,,0,0,0,0,0,12,0
temple,mosque,,0,0,0,0,0,5,0
temple,men,,0,0,0,0,0,1,0
temple,Mann,,0,0,0,0,0,1,0
temple,man,,0,0,0,0,0,1,0
temple,male,,0,0,0,0,0,1,0
temple,mecca,,0,0,0,0,0,2,3
mosque,firefighter,,0,0,0,0,0,1,0
firefighter,Oma,,0,0,0,0,0,1,0
Oma,queen,,0,0,0,0,0,1,0
Oma,boss,,0,0,0,0,0,1,0
men,gentleman,,0,0,0,0,0,1,0
men,mecca,,0,0,0,0,0,1,0
gentleman,Mann,,0,0,0,0,0,2,2
gentleman,man,,0,0,0,0,0,4,4
gentleman,doctor,,0,0,0,0,0,1,0
Mann,man,,0,0,0,0,0,7,4
Mann,male,,0,0,0,0,0,7,0
male,mecca,,0,0,0,0,0,1,0
homophob,doctor,,0,0,0,0,0,1,0
doctor,nurse,,0,0,0,0,0,2,0
doctor,naive,,0,0,0,0,0,1,0
doctor,king,,0,0,0,0,0,1,0
doctor,midwife,,0,0,0,0,0,1,0
nurse,king,,0,0,0,0,0,1,0
nurse,midwife,,0,0,0,0,0,1,0
Frau,husband,,0,0,0,0,0,1,0
king,midwife,,0,0,0,0,0,1,0
king,money,,0,0,0,0,0,1,0
son,girl,boy,0,0,0,0,0,1,0
son,girl,Junge,0,0,0,0,0,1,0
son,boy,Junge,0,0,0,0,0,1,0
daughter,grandpa,grandma,0,0,0,0,0,1,0
girl,boy,Junge,0,0,0,0,0,1,0
girl,boy,Mädchen,0,0,0,0,0,1,0
girl,Mädchen,lady,0,0,0,0,0,1,0
girl,Mädchen,she,0,0,0,0,0,1,1
girl,lady,female,0,0,0,0,0,1,0
girl,lady,woman,0,0,0,0,0,2,0
girl,female,she,0,0,0,0,0,2,0
boy,men,Mann,0,0,0,0,0,1,0
boy,men,man,0,0,0,0,0,2,0
boy,men,male,0,0,0,0,0,2,0
boy,gentleman,Mann,0,0,0,0,0,1,2
boy,gentleman,man,0,0,0,0,0,3,2
boy,Mann,man,0,0,0,0,0,1,3
boy,Mann,male,0,0,0,0,0,1,0
boy,man,male,0,0,0,0,0,2,0
Junge,sacrament,allah,0,0,0,0,0,1,0
Junge,Mann,Frau,0,0,0,0,0,6,0
gospel,jesus,christian,0,0,0,0,0,1,0
gospel,jesus,christianity,0,0,0,0,0,1,0
gospel,jesus,bible,0,0,0,0,0,1,0
gospel,christian,baptsim,0,0,0,0,0,3,2
gospel,christian,christianity,0,0,0,0,0,2,0
gospel,christian,bible,0,0,0,0,0,1,2
gospel,baptsim,christianity,0,0,0,0,0,3,0
gospel,baptsim,torah,0,0,0,0,0,1,1
gospel,baptsim,bible,0,0,0,0,0,1,4
gospel,christianity,bible,0,0,0,0,0,1,0
gospel,sacrament,allah,0,0,0,0,0,1,0
gospel,talmud,islam,0,0,0,0,0,1,0
gospel,torah,islam,0,0,0,0,0,1,0
gospel,bible,islam,0,0,0,0,0,1,0
jesus,christian,baptsim,0,0,0,0,0,1,0
jesus,christian,christianity,0,0,0,0,0,1,0
jesus,christian,bible,0,0,0,0,0,1,0
jesus,baptsim,christianity,0,0,0,0,0,1,0
jesus,baptsim,bible,0,0,0,0,0,1,0
jesus,christianity,bible,0,0,0,0,0,1,0
jesus,christianity,temple,0,0,0,0,0,1,0
christian,baptsim,christianity,0,0,0,0,0,4,0
christian,baptsim,bible,0,0,0,0,0,1,2
christian,christianity,bible,0,0,0,0,0,1,0
christian,christianity,islam,0,0,0,0,0,1,0
christian,christianity,muslim,0,0,0,0,0,1,0
christian,islam,muslim,0,0,0,0,0,1,0
christian,church,mosque,0,0,0,0,0,1,0
baptsim,christianity,bible,0,0,0,0,0,2,0
christianity,islam,muslim,0,0,0,0,0,1,0
sacrament,synagogue,temple,0,0,0,0,0,1,0
sacrament,synagogue,mosque,0,0,0,0,0,1,0
sacrament,temple,mosque,0,0,0,0,0,1,0
allah,islam,mosque,0,0,0,0,0,3,0
allah,islam,muslim,0,0,0,0,0,3,0
allah,islam,halal,0,0,0,0,0,2,0
allah,mosque,muslim,0,0,0,0,0,2,0
allah,mosque,halal,0,0,0,0,0,2,0
allah,muslim,halal,0,0,0,0,0,1,0
talmud,torah,bible,0,0,0,0,0,2,0
talmud,torah,islam,0,0,0,0,0,1,0
talmud,torah,synagogue,0,0,0,0,0,1,0
talmud,torah,kippah,0,0,0,0,0,2,0
talmud,torah,juif,0,0,0,0,0,2,0
talmud,torah,judaism,0,0,0,0,0,1,0
talmud,torah,temple,0,0,0,0,0,1,0
talmud,bible,islam,0,0,0,0,0,1,0
talmud,synagogue,kosher,0,0,0,0,0,1,0
talmud,synagogue,kippah,0,0,0,0,0,2,0
talmud,synagogue,jew,0,0,0,0,0,2,0
talmud,synagogue,judaism,0,0,0,0,0,2,0
talmud,kosher,judaism,0,0,0,0,0,1,0
talmud,kippah,juif,0,0,0,0,0,3,0
talmud,kippah,jew,0,0,0,0,0,1,0
talmud,kippah,judaism,0,0,0,0,0,2,0
talmud,juif,jew,0,0,0,0,0,1,0
talmud,juif,judaism,0,0,0,0,0,3,0
talmud,shabbat,judaism,0,0,0,0,0,1,0
talmud,jew,judaism,0,0,0,0,0,3,0
torah,bible,islam,0,0,0,0,0,1,0
torah,bible,mosque,0,0,0,0,0,1,0
torah,synagogue,kippah,0,0,0,0,0,1,4
torah,synagogue,juif,0,0,0,0,0,1,3
torah,kippah,juif,0,0,0,0,0,2,3
torah,kippah,judaism,0,0,0,0,0,1,4
torah,juif,judaism,0,0,0,0,0,1,3
torah,shabbat,judaism,0,0,0,0,0,1,4
lady,female,assistant,0,0,0,0,0,1,0
lady,woman,assistant,0,0,0,0,0,1,0
female,woman,assistant,0,0,0,0,0,1,0
synagogue,juif,judaism,0,0,0,0,0,2,7
synagogue,shabbat,judaism,0,0,0,0,0,2,0
synagogue,jew,judaism,0,0,0,0,0,2,0
synagogue,temple,mosque,0,0,0,0,0,2,0
kosher,juif,judaism,0,0,0,0,0,3,8
kosher,shabbat,judaism,0,0,0,0,0,2,0
kosher,jew,judaism,0,0,0,0,0,3,0
kippah,juif,shabbat,0,0,0,0,0,5,0
kippah,juif,judaism,0,0,0,0,0,5,12
kippah,shabbat,judaism,0,0,0,0,0,2,0
kippah,jew,judaism,0,0,0,0,0,2,0
kippah,hijab,burka,0,0,0,0,0,1,0
juif,shabbat,judaism,0,0,0,0,0,2,0
juif,jew,judaism,0,0,0,0,0,6,0
temple,church,mosque,0,0,0,0,0,3,0
temple,men,Mann,0,0,0,0,0,1,0
temple,men,man,0,0,0,0,0,1,0
temple,men,male,0,0,0,0,0,1,0
temple,Mann,man,0,0,0,0,0,1,0
temple,Mann,male,0,0,0,0,0,1,0
temple,man,male,0,0,0,0,0,1,0
men,gentleman,Mann,0,0,0,0,0,1,0
men,gentleman,man,0,0,0,0,0,1,0
men,Mann,man,0,0,0,0,0,7,0
men,Mann,male,0,0,0,0,0,7,0
men,man,male,0,0,0,0,0,7,0
men,male,mecca,0,0,0,0,0,1,0
gentleman,Mann,man,0,0,0,0,0,1,2
Mann,man,male,0,0,0,0,0,5,0
doctor,nurse,king,0,0,0,0,0,1,0
doctor,nurse,midwife,0,0,0,0,0,1,0
doctor,king,midwife,0,0,0,0,0,1,0
nurse,king,midwife,0,0,0,0,0,1,0
gospel,Jude,,0,0,0,0,0,0,2
gospel,church,,0,0,0,0,0,0,4
gospel,shabbat,,0,0,0,0,0,0,1
gospel,synagogue,,0,0,0,0,0,0,2
gospel,mosque,,0,0,0,0,0,0,1
gospel,fundamentalist,,0,0,0,0,0,0,1
christian,jesus,,0,0,0,0,0,0,5
christian,Jude,,0,0,0,0,0,0,4
christian,fundamentalist,,0,0,0,0,0,0,1
christian,pope,,0,0,0,0,0,0,1
baptsim,jesus,,0,0,0,0,0,0,6
baptsim,Jude,,0,0,0,0,0,0,5
baptsim,church,,0,0,0,0,0,0,2
baptsim,islam,,0,0,0,0,0,0,1
baptsim,husband,,0,0,0,0,0,0,1
bible,Jude,,0,0,0,0,0,0,4
jesus,Jude,,0,0,0,0,0,0,4
jesus,church,,0,0,0,0,0,0,1
jesus,torah,,0,0,0,0,0,0,4
jesus,islam,,0,0,0,0,0,0,1
jesus,synagogue,,0,0,0,0,0,0,1
jesus,fundamentalist,,0,0,0,0,0,0,2
jesus,judaism,,0,0,0,0,0,0,1
Jude,torah,,0,0,0,0,0,0,2
church,synagogue,,0,0,0,0,0,0,5
church,fundamentalist,,0,0,0,0,0,0,1
church,mecca,,0,0,0,0,0,0,1
church,pope,,0,0,0,0,0,0,2
islam,shabbat,,0,0,0,0,0,0,1
islam,fundamentalist,,0,0,0,0,0,0,2
islam,judaism,,0,0,0,0,0,0,3
islam,jew,,0,0,0,0,0,0,1
shabbat,synagogue,,0,0,0,0,0,0,8
shabbat,kippah,,0,0,0,0,0,0,10
mosque,pope,,0,0,0,0,0,0,1
fundamentalist,muslim,,0,0,0,0,0,0,2
woman,Mädchen,,0,0,0,0,0,0,5
woman,grandma,,0,0,0,0,0,0,1
woman,boy,,0,0,0,0,0,0,1
woman,gentleman,,0,0,0,0,0,0,1
woman,male,,0,0,0,0,0,0,1
woman,Mann,,0,0,0,0,0,0,1
woman,man,,0,0,0,0,0,0,1
woman,Frau,,0,0,0,0,0,0,1
lady,boy,,0,0,0,0,0,0,1
Mädchen,grandma,,0,0,0,0,0,0,2
Mädchen,Mann,,0,0,0,0,0,0,3
Mädchen,Junge,,0,0,0,0,0,0,8
Mädchen,wife,,0,0,0,0,0,0,1
Mädchen,queen,,0,0,0,0,0,0,1
grandma,she,,0,0,0,0,0,0,1
grandma,boy,,0,0,0,0,0,0,1
grandma,male,,0,0,0,0,0,0,1
grandma,homemaker,,0,0,0,0,0,0,1
she,daughter,,0,0,0,0,0,0,2
she,pope,,0,0,0,0,0,0,1
she,Frau,,0,0,0,0,0,0,1
she,wife,,0,0,0,0,0,0,1
she,queen,,0,0,0,0,0,0,1
she,king,,0,0,0,0,0,0,5
daughter,boy,,0,0,0,0,0,0,1
daughter,male,,0,0,0,0,0,0,1
daughter,midwife,,0,0,0,0,0,0,1
daughter,Frau,,0,0,0,0,0,0,1
daughter,husband,,0,0,0,0,0,0,1
boy,grandpa,,0,0,0,0,0,0,3
boy,pope,,0,0,0,0,0,0,1
boy,Frau,,0,0,0,0,0,0,1
boy,husband,,0,0,0,0,0,0,1
temple,wife,,0,0,0,0,0,0,1
temple,husband,,0,0,0,0,0,0,1
gentleman,male,,0,0,0,0,0,0,3
gentleman,grandpa,,0,0,0,0,0,0,1
gentleman,pope,,0,0,0,0,0,0,1
male,grandpa,,0,0,0,0,0,0,4
male,Mann,,0,0,0,0,0,0,4
male,pope,,0,0,0,0,0,0,1
male,Frau,,0,0,0,0,0,0,1
male,Junge,,0,0,0,0,0,0,1
male,husband,,0,0,0,0,0,0,1
grandpa,Mann,,0,0,0,0,0,0,1
grandpa,pope,,0,0,0,0,0,0,1
grandpa,man,,0,0,0,0,0,0,2
grandpa,midwife,,0,0,0,0,0,0,1
grandpa,husband,,0,0,0,0,0,0,1
Mann,pope,,0,0,0,0,0,0,1
pope,man,,0,0,0,0,0,0,1
pope,professor,,0,0,0,0,0,0,2
man,Frau,,0,0,0,0,0,0,1
man,Junge,,0,0,0,0,0,0,1
homemaker,midwife,,0,0,0,0,0,0,1
homemaker,assistant,,0,0,0,0,0,0,1
midwife,nurse,,0,0,0,0,0,0,3
midwife,doctor,,0,0,0,0,0,0,2
Frau,wife,,0,0,0,0,0,0,1
Frau,queen,,0,0,0,0,0,0,1
Junge,queen,,0,0,0,0,0,0,1
wife,husband,,0,0,0,0,0,0,13
gospel,christian,jesus,0,0,0,0,0,0,2
gospel,christian,Jude,0,0,0,0,0,0,2
gospel,christian,church,0,0,0,0,0,0,1
gospel,baptsim,jesus,0,0,0,0,0,0,4
gospel,baptsim,Jude,0,0,0,0,0,0,2
gospel,baptsim,church,0,0,0,0,0,0,1
gospel,baptsim,islam,0,0,0,0,0,0,1
gospel,bible,jesus,0,0,0,0,0,0,3
gospel,bible,Jude,0,0,0,0,0,0,2
gospel,jesus,Jude,0,0,0,0,0,0,2
gospel,jesus,torah,0,0,0,0,0,0,1
gospel,church,synagogue,0,0,0,0,0,0,2
gospel,church,mosque,0,0,0,0,0,0,1
gospel,islam,shabbat,0,0,0,0,0,0,1
gospel,synagogue,mosque,0,0,0,0,0,0,1
christian,baptsim,jesus,0,0,0,0,0,0,2
christian,baptsim,Jude,0,0,0,0,0,0,3
christian,bible,jesus,0,0,0,0,0,0,2
christian,bible,Jude,0,0,0,0,0,0,2
christian,jesus,Jude,0,0,0,0,0,0,2
baptsim,bible,jesus,0,0,0,0,0,0,4
baptsim,bible,Jude,0,0,0,0,0,0,3
baptsim,bible,torah,0,0,0,0,0,0,1
baptsim,jesus,Jude,0,0,0,0,0,0,3
baptsim,jesus,torah,0,0,0,0,0,0,2
baptsim,Jude,torah,0,0,0,0,0,0,2
bible,jesus,Jude,0,0,0,0,0,0,2
bible,jesus,torah,0,0,0,0,0,0,1
bible,Jude,torah,0,0,0,0,0,0,1
jesus,Jude,torah,0,0,0,0,0,0,1
jesus,church,fundamentalist,0,0,0,0,0,0,1
jesus,torah,islam,0,0,0,0,0,0,1
jesus,torah,judaism,0,0,0,0,0,0,1
jesus,islam,judaism,0,0,0,0,0,0,1
church,synagogue,mosque,0,0,0,0,0,0,4
church,synagogue,temple,0,0,0,0,0,0,3
church,synagogue,mecca,0,0,0,0,0,0,1
church,mosque,temple,0,0,0,0,0,0,4
church,mosque,mecca,0,0,0,0,0,0,1
church,temple,mecca,0,0,0,0,0,0,1
torah,islam,mosque,0,0,0,0,0,0,1
torah,islam,judaism,0,0,0,0,0,0,1
torah,islam,muslim,0,0,0,0,0,0,1
torah,shabbat,synagogue,0,0,0,0,0,0,4
torah,shabbat,kosher,0,0,0,0,0,0,3
torah,shabbat,kippah,0,0,0,0,0,0,4
torah,shabbat,juif,0,0,0,0,0,0,3
torah,shabbat,jew,0,0,0,0,0,0,3
torah,synagogue,jew,0,0,0,0,0,0,3
torah,kosher,jew,0,0,0,0,0,0,2
torah,kippah,jew,0,0,0,0,0,0,3
torah,juif,jew,0,0,0,0,0,0,2
torah,judaism,jew,0,0,0,0,0,0,3
islam,fundamentalist,muslim,0,0,0,0,0,0,2
islam,judaism,jew,0,0,0,0,0,0,1
shabbat,synagogue,kosher,0,0,0,0,0,0,5
shabbat,synagogue,kippah,0,0,0,0,0,0,7
shabbat,synagogue,juif,0,0,0,0,0,0,6
shabbat,synagogue,judaism,0,0,0,0,0,0,8
shabbat,synagogue,jew,0,0,0,0,0,0,5
shabbat,kosher,kippah,0,0,0,0,0,0,8
shabbat,kosher,juif,0,0,0,0,0,0,8
shabbat,kosher,judaism,0,0,0,0,0,0,8
shabbat,kosher,jew,0,0,0,0,0,0,3
shabbat,kippah,juif,0,0,0,0,0,0,9
shabbat,kippah,judaism,0,0,0,0,0,0,9
shabbat,kippah,jew,0,0,0,0,0,0,5
shabbat,juif,judaism,0,0,0,0,0,0,8
shabbat,juif,jew,0,0,0,0,0,0,4
shabbat,judaism,jew,0,0,0,0,0,0,5
synagogue,temple,mecca,0,0,0,0,0,0,1
mosque,temple,mecca,0,0,0,0,0,0,3
girl,woman,Mädchen,0,0,0,0,0,0,4
girl,woman,grandma,0,0,0,0,0,0,1
girl,woman,she,0,0,0,0,0,0,1
girl,woman,daughter,0,0,0,0,0,0,1
girl,lady,Mädchen,0,0,0,0,0,0,4
girl,lady,grandma,0,0,0,0,0,0,1
girl,lady,she,0,0,0,0,0,0,2
girl,lady,daughter,0,0,0,0,0,0,1
girl,Mädchen,grandma,0,0,0,0,0,0,1
girl,Mädchen,daughter,0,0,0,0,0,0,1
girl,grandma,she,0,0,0,0,0,0,1
girl,grandma,daughter,0,0,0,0,0,0,1
girl,she,daughter,0,0,0,0,0,0,1
woman,lady,Mädchen,0,0,0,0,0,0,4
woman,lady,grandma,0,0,0,0,0,0,1
woman,lady,Frau,0,0,0,0,0,0,1
woman,Mädchen,grandma,0,0,0,0,0,0,1
woman,Mädchen,she,0,0,0,0,0,0,2
woman,Mädchen,daughter,0,0,0,0,0,0,2
woman,Mädchen,Frau,0,0,0,0,0,0,1
woman,Mädchen,wife,0,0,0,0,0,0,1
woman,grandma,she,0,0,0,0,0,0,1
woman,grandma,daughter,0,0,0,0,0,0,1
woman,she,daughter,0,0,0,0,0,0,2
woman,she,Frau,0,0,0,0,0,0,1
woman,she,wife,0,0,0,0,0,0,1
woman,daughter,Frau,0,0,0,0,0,0,1
woman,daughter,wife,0,0,0,0,0,0,1
woman,boy,gentleman,0,0,0,0,0,0,1
woman,boy,male,0,0,0,0,0,0,1
woman,boy,Mann,0,0,0,0,0,0,1
woman,boy,man,0,0,0,0,0,0,1
woman,gentleman,male,0,0,0,0,0,0,1
woman,gentleman,Mann,0,0,0,0,0,0,1
woman,gentleman,man,0,0,0,0,0,0,1
woman,male,Mann,0,0,0,0,0,0,1
woman,male,man,0,0,0,0,0,0,1
woman,Mann,man,0,0,0,0,0,0,1
woman,Frau,wife,0,0,0,0,0,0,1
lady,Mädchen,grandma,0,0,0,0,0,0,1
lady,Mädchen,she,0,0,0,0,0,0,2
lady,Mädchen,daughter,0,0,0,0,0,0,2
lady,Mädchen,Frau,0,0,0,0,0,0,1
lady,Mädchen,wife,0,0,0,0,0,0,1
lady,grandma,she,0,0,0,0,0,0,1
lady,grandma,daughter,0,0,0,0,0,0,1
lady,she,daughter,0,0,0,0,0,0,2
lady,she,Frau,0,0,0,0,0,0,1
lady,she,wife,0,0,0,0,0,0,1
lady,daughter,Frau,0,0,0,0,0,0,1
lady,daughter,wife,0,0,0,0,0,0,1
lady,boy,gentleman,0,0,0,0,0,0,1
lady,Frau,wife,0,0,0,0,0,0,1
Mädchen,grandma,she,0,0,0,0,0,0,1
Mädchen,grandma,daughter,0,0,0,0,0,0,2
Mädchen,she,daughter,0,0,0,0,0,0,2
Mädchen,she,Frau,0,0,0,0,0,0,1
Mädchen,she,wife,0,0,0,0,0,0,1
Mädchen,daughter,Frau,0,0,0,0,0,0,1
Mädchen,daughter,wife,0,0,0,0,0,0,1
Mädchen,Mann,Frau,0,0,0,0,0,0,3
Mädchen,Mann,Junge,0,0,0,0,0,0,3
Mädchen,Frau,Junge,0,0,0,0,0,0,8
Mädchen,Frau,wife,0,0,0,0,0,0,1
Mädchen,Frau,queen,0,0,0,0,0,0,1
Mädchen,Junge,queen,0,0,0,0,0,0,1
grandma,she,daughter,0,0,0,0,0,0,1
grandma,daughter,boy,0,0,0,0,0,0,1
grandma,daughter,male,0,0,0,0,0,0,1
grandma,boy,male,0,0,0,0,0,0,1
grandma,boy,grandpa,0,0,0,0,0,0,1
grandma,male,grandpa,0,0,0,0,0,0,1
she,daughter,Frau,0,0,0,0,0,0,1
she,daughter,wife,0,0,0,0,0,0,1
she,Frau,wife,0,0,0,0,0,0,1
daughter,boy,male,0,0,0,0,0,0,1
daughter,boy,grandpa,0,0,0,0,0,0,1
daughter,male,grandpa,0,0,0,0,0,0,1
daughter,Frau,wife,0,0,0,0,0,0,1
daughter,wife,husband,0,0,0,0,0,0,1
boy,gentleman,male,0,0,0,0,0,0,2
boy,gentleman,grandpa,0,0,0,0,0,0,1
boy,gentleman,pope,0,0,0,0,0,0,1
boy,male,grandpa,0,0,0,0,0,0,3
boy,male,Mann,0,0,0,0,0,0,3
boy,male,pope,0,0,0,0,0,0,1
boy,male,Frau,0,0,0,0,0,0,1
boy,male,Junge,0,0,0,0,0,0,1
boy,male,husband,0,0,0,0,0,0,1
boy,grandpa,Mann,0,0,0,0,0,0,1
boy,grandpa,pope,0,0,0,0,0,0,1
boy,grandpa,man,0,0,0,0,0,0,1
boy,grandpa,husband,0,0,0,0,0,0,1
boy,Mann,pope,0,0,0,0,0,0,1
boy,Mann,Frau,0,0,0,0,0,0,1
boy,Mann,Junge,0,0,0,0,0,0,1
boy,pope,man,0,0,0,0,0,0,1
boy,man,Frau,0,0,0,0,0,0,1
boy,man,Junge,0,0,0,0,0,0,1
boy,Frau,Junge,0,0,0,0,0,0,1
temple,wife,husband,0,0,0,0,0,0,1
kosher,judaism,jew,0,0,0,0,0,0,4
kippah,judaism,jew,0,0,0,0,0,0,9
gentleman,male,grandpa,0,0,0,0,0,0,1
gentleman,male,Mann,0,0,0,0,0,0,2
gentleman,male,pope,0,0,0,0,0,0,1
gentleman,male,man,0,0,0,0,0,0,3
gentleman,grandpa,Mann,0,0,0,0,0,0,1
gentleman,grandpa,pope,0,0,0,0,0,0,1
gentleman,grandpa,man,0,0,0,0,0,0,1
gentleman,Mann,pope,0,0,0,0,0,0,1
gentleman,pope,man,0,0,0,0,0,0,1
male,grandpa,Mann,0,0,0,0,0,0,1
male,grandpa,pope,0,0,0,0,0,0,1
male,grandpa,man,0,0,0,0,0,0,2
male,grandpa,husband,0,0,0,0,0,0,1
male,Mann,pope,0,0,0,0,0,0,1
male,Mann,man,0,0,0,0,0,0,3
male,Mann,Frau,0,0,0,0,0,0,1
male,Mann,Junge,0,0,0,0,0,0,1
male,pope,man,0,0,0,0,0,0,1
male,man,Frau,0,0,0,0,0,0,1
male,man,Junge,0,0,0,0,0,0,1
male,Frau,Junge,0,0,0,0,0,0,1
grandpa,Mann,pope,0,0,0,0,0,0,1
grandpa,Mann,man,0,0,0,0,0,0,1
grandpa,pope,man,0,0,0,0,0,0,1
Mann,pope,man,0,0,0,0,0,0,1
Mann,man,Frau,0,0,0,0,0,0,1
Mann,man,Junge,0,0,0,0,0,0,1
man,Frau,Junge,0,0,0,0,0,0,1
midwife,nurse,doctor,0,0,0,0,0,0,2
Frau,Junge,queen,0,0,0,0,0,0,1
